{
  "admission": [
    {
      "id": 1,
      "firstName": "rtgyhj",
      "lastName": "fghjkl",
      "address": "sdfghjkk",
      "date": "2020-01-20",
      "gender": "female",
      "selectedValue": "C",
      "selectedClass": 4,
      "bloodGroup": "B-",
      "email": "gdfgh@fgh.com",
      "phone": "6456789876",
      "fName": "sdfghj",
      "mName": "dfghj",
      "fOcc": "dfghjk",
      "mOcc": "fghjk"
    },
    {
      "firstName": "dfghj",
      "lastName": "fghjk",
      "address": "sdfghjkl",
      "date": "2020-01-20T18:30:00.000Z",
      "gender": "female",
      "selectedValue": "C",
      "selectedClass": 5,
      "bloodGroup": "B+",
      "email": "dj@h.com",
      "phone": "6345678787",
      "fName": "dfghjk",
      "mName": "fghjkl",
      "fOcc": "sdfghjk",
      "mOcc": "fghj",
      "id": 2
    },
    {
      "firstName": "sdfghjkl",
      "lastName": "fghjk",
      "address": "dfghjkl",
      "date": "2020-01-20T18:30:00.000Z",
      "gender": "female",
      "selectedValue": "C",
      "selectedClass": 3,
      "bloodGroup": "B-",
      "email": "fghj@fghj.com",
      "phone": "6456789055",
      "fName": "sdfghj",
      "mName": "fghjk",
      "fOcc": "ghjk",
      "mOcc": "ghj",
      "id": 3
    },
    {
      "firstName": "dfghjk",
      "lastName": "dfghj",
      "address": "adfghjkl",
      "date": "2020-01-20T18:30:00.000Z",
      "gender": "female",
      "selectedValue": "C",
      "selectedClass": 4,
      "bloodGroup": "O+",
      "email": "dfgh@fghj.com",
      "phone": "6345678987",
      "fName": "sdfgh",
      "mName": "sdfghj",
      "fOcc": "rtgy",
      "mOcc": "sdfgh",
      "id": 4
    },
    {
      "firstName": "gayatri",
      "lastName": "sdfgf",
      "gender": "female",
      "date": "2020-01-22",
      "selectedClass": 4,
      "selectedValue": "B",
      "bloodGroup": "O+",
      "address": "sdsfgh",
      "phone": "7545348568",
      "email": "efs@h.com",
      "id": 5
    },
    {
      "firstName": "gayatri",
      "lastName": "s",
      "gender": "female",
      "date": "2020-01-22",
      "selectedClass": 4,
      "selectedValue": "B",
      "bloodGroup": "B+",
      "address": "sdxfghj",
      "phone": "7545325155",
      "email": "sda@d.com",
      "id": 6
    },
    {
      "firstName": "dfg",
      "lastName": "sdfg",
      "gender": "female",
      "date": "2020-01-22",
      "selectedClass": 4,
      "selectedValue": "A",
      "bloodGroup": "O+",
      "address": "sdfghj",
      "phone": "8452844446",
      "email": "sdfg@dfg.com",
      "id": 7
    },
    {
      "firstName": "dfg",
      "lastName": "fdgh",
      "gender": "female",
      "date": "2020-01-22",
      "selectedClass": 5,
      "selectedValue": "B",
      "bloodGroup": "B+",
      "address": "rfghj",
      "phone": "8645351465",
      "email": "dg@dfj.com",
      "id": 8
    },
    {
      "firstName": "ert",
      "lastName": "sdfg",
      "gender": "female",
      "date": "2020-01-22",
      "selectedClass": 5,
      "selectedValue": "A",
      "bloodGroup": "O+",
      "address": "sdfg",
      "phone": "7884465322",
      "email": "sdfdas@ghv.com",
      "id": 9
    },
    {
      "firstName": "sgsd",
      "lastName": "grsd",
      "gender": "female",
      "date": "2020-01-22",
      "selectedClass": 1,
      "selectedValue": "D",
      "bloodGroup": "B-",
      "address": "zdgdx",
      "phone": "7864534458",
      "email": "dsg@fh.com",
      "id": 10
    },
    {
      "firstName": "dgdf",
      "lastName": "sdfghn",
      "gender": "female",
      "date": "2020-01-22",
      "selectedClass": 4,
      "selectedValue": "A",
      "bloodGroup": "B-",
      "address": "dsfgh",
      "phone": "7896434683",
      "email": "fdg@g.com",
      "id": 11
    },
    {
      "firstName": "sdfghj",
      "lastName": "dfgh",
      "gender": "female",
      "date": "2020-01-22",
      "selectedClass": 4,
      "selectedValue": "B",
      "bloodGroup": "O+",
      "address": "df",
      "phone": "8465356564",
      "email": "dgs@rdj.com",
      "id": 12
    },
    {
      "firstName": "dfg",
      "lastName": "dfghj",
      "gender": "female",
      "date": "2020-01-22",
      "selectedClass": 5,
      "selectedValue": "B",
      "bloodGroup": "B-",
      "address": "dfg",
      "phone": "8451365314",
      "email": "gfx@f.com",
      "id": 13
    },
    {
      "firstName": "dfgh",
      "lastName": "dfghj",
      "gender": "female",
      "date": "2020-01-22",
      "selectedClass": 1,
      "selectedValue": "C",
      "bloodGroup": "B+",
      "address": "sdfghj",
      "phone": "7574524555",
      "email": "sddg@hvj.com",
      "id": 14
    },
    {
      "firstName": "dsfg",
      "lastName": "df",
      "gender": "male",
      "date": "2020-01-22",
      "selectedClass": 4,
      "selectedValue": "B",
      "bloodGroup": "B+",
      "address": "sdfgv",
      "phone": "8567452544",
      "email": "fhx@fdhj.com",
      "id": 15
    },
    {
      "firstName": "df",
      "lastName": "fdgh",
      "gender": "female",
      "date": "2020-01-22",
      "selectedClass": 1,
      "selectedValue": "B",
      "bloodGroup": "B+",
      "address": "dfgh",
      "phone": "8763545434",
      "email": "hfd@dh.com",
      "id": 16
    },
    {
      "firstName": "fghj",
      "lastName": "dfghj",
      "gender": "female",
      "date": "2020-01-22",
      "selectedClass": 2,
      "selectedValue": "A",
      "bloodGroup": "O+",
      "address": "dfghj",
      "phone": "8745124354",
      "email": "dgf@dg.com",
      "id": 17
    },
    {
      "firstName": "xfghj",
      "lastName": "fgbn",
      "gender": "female",
      "date": "2020-01-22",
      "selectedClass": 1,
      "selectedValue": "A",
      "bloodGroup": "O+",
      "address": "szdfghj",
      "phone": "8752455344",
      "email": "df@dfgh.com",
      "id": 18
    },
    {
      "firstName": "sdfgh",
      "lastName": "dfgh",
      "gender": "female",
      "date": "2020-01-22",
      "selectedClass": 2,
      "selectedValue": "A",
      "bloodGroup": "B+",
      "address": "sdfghjk",
      "phone": "8564856445",
      "email": "sdfyghj@dfgh.com",
      "id": 19
    },
    {
      "firstName": "zdxfcgv",
      "lastName": "dxfcg",
      "gender": "female",
      "date": "2020-01-22",
      "selectedClass": 4,
      "selectedValue": "B",
      "bloodGroup": "O+",
      "address": "sdfg",
      "phone": "8763543654",
      "email": "xdg@fgh.com",
      "id": 20
    },
    {
      "fName": "sdfc",
      "mName": "xdfc",
      "fOcc": "xcv",
      "mOcc": "xcv",
      "id": 21
    },
    {
      "firstName": "sushma",
      "lastName": "Hs",
      "gender": "female",
      "date": "2020-01-22",
      "selectedClass": 4,
      "selectedValue": "B",
      "bloodGroup": "B+",
      "address": "dfghjk",
      "phone": "8452545534",
      "email": "asdfg@hk.com",
      "id": 22
    },
    {
      "fName": "sdfgh",
      "mName": "sxdfg",
      "fOcc": "dfgh",
      "mOcc": "sxdfgh",
      "id": 23
    },
    {
      "firstName": "gayatri",
      "lastName": "r",
      "gender": "female",
      "date": "2020-01-23T18:30:00.000Z",
      "selectedClass": 3,
      "selectedValue": "A",
      "bloodGroup": "",
      "address": "fdgvdsf",
      "phone": "6542",
      "email": "",
      "id": 24
    },
    {
      "fName": "dfgdfh",
      "mName": "gf",
      "fOcc": "gf",
      "mOcc": "fhd",
      "income": "8641564648",
      "id": 25
    },
    {
      "firstName": "gayatri",
      "lastName": "rs",
      "gender": "female",
      "date": "2020-01-23T18:30:00.000Z",
      "selectedClass": 3,
      "selectedValue": "A",
      "bloodGroup": "",
      "address": "fvd",
      "phone": "68588",
      "email": "",
      "id": 26
    },
    {
      "fName": "sfdsgs",
      "mName": "fdgsf",
      "fOcc": "fdg",
      "mOcc": "fdgd",
      "income": "8574524244",
      "id": 27
    },
    {
      "firstName": "ghgf",
      "lastName": "fdgdf",
      "gender": "female",
      "date": "2020-01-20T18:30:00.000Z",
      "selectedClass": 2,
      "selectedValue": "A",
      "bloodGroup": "",
      "address": "xgffd",
      "phone": "8864555588",
      "email": "",
      "id": 28
    },
    {
      "fName": "thfdg",
      "mName": "fghfd",
      "fOcc": "fgdhh",
      "mOcc": "gffffd",
      "income": "8887878777",
      "id": 29
    },
    {
      "firstName": "fdgdf",
      "lastName": "dfgs",
      "gender": "male",
      "date": "2020-01-21T18:30:00.000Z",
      "selectedClass": 2,
      "selectedValue": "A",
      "bloodGroup": "",
      "address": "vcbfxc",
      "phone": "8455555564",
      "email": "",
      "id": 30
    },
    {
      "fName": "cdxz",
      "mName": "xcz",
      "fOcc": "cxz",
      "mOcc": "xczcv",
      "income": "8645645556",
      "id": 31
    },
    {
      "firstName": "gggggg",
      "lastName": "jhdsjkda",
      "gender": "female",
      "date": "2020-01-26T18:30:00.000Z",
      "selectedClass": 3,
      "selectedValue": "A",
      "bloodGroup": "",
      "address": "ghgkjlhkg",
      "phone": "8645654554",
      "email": "",
      "id": 32
    },
    {
      "fName": "dsfsfd",
      "mName": "dzxzx",
      "fOcc": "cxzc",
      "mOcc": "cxvxc",
      "income": "8645465555",
      "id": 33
    },
    {
      "firstName": "gayatri",
      "lastName": "s",
      "gender": "female",
      "date": "2020-01-26T18:30:00.000Z",
      "selectedClass": 1,
      "selectedValue": "A",
      "bloodGroup": "",
      "address": "gdjdgf",
      "phone": "8765435355",
      "email": "",
      "id": 34
    },
    {
      "fName": "dfhfdgh",
      "mName": "gfjgf",
      "fOcc": "fgjf",
      "mOcc": "gfjhgf",
      "income": "8765845445",
      "id": 35
    },
    {
      "id": 36,
      "firstName": "gayyyyyy",
      "lastName": "cf",
      "gender": "female",
      "date": "2020-01-21T18:30:00.000Z",
      "selectedClass": 2,
      "selectedValue": "A",
      "bloodGroup": "",
      "address": "gfbhdf",
      "phone": "8746546556",
      "email": ""
    },
    {
      "id": 37,
      "firstName": "gayyyyyy",
      "lastName": "cf",
      "gender": "female",
      "date": "2020-01-21T18:30:00.000Z",
      "selectedClass": 2,
      "selectedValue": "A",
      "bloodGroup": "",
      "address": "gfbhdf",
      "phone": "8746546556",
      "email": ""
    },
    {
      "fName": "dfhgfhgfj",
      "mName": "sss",
      "fOcc": "sdfgg",
      "mOcc": "fghdf",
      "income": "8524655456",
      "id": 38
    },
    {
      "id": 39,
      "firstName": "aaaaa",
      "lastName": "dsd",
      "gender": "male",
      "date": "2020-01-29T18:30:00.000Z",
      "selectedClass": 3,
      "selectedValue": "B",
      "bloodGroup": "",
      "address": "cx",
      "phone": "8564654546",
      "email": ""
    },
    {
      "id": 40,
      "firstName": "aaaaa",
      "lastName": "dsd",
      "gender": "male",
      "date": "2020-01-29T18:30:00.000Z",
      "selectedClass": 3,
      "selectedValue": "B",
      "bloodGroup": "",
      "address": "cx",
      "phone": "8564654546",
      "email": ""
    },
    {
      "id": 41,
      "firstName": "cvbnb",
      "lastName": "vbnv",
      "gender": "male",
      "date": "2020-01-29T18:30:00.000Z",
      "selectedClass": 3,
      "selectedValue": "A",
      "bloodGroup": "",
      "address": "bhhhhhhhhhhhj",
      "phone": "8566646546",
      "email": ""
    },
    {
      "id": 42,
      "firstName": "cvbnb",
      "lastName": "vbnv",
      "gender": "male",
      "date": "2020-01-29T18:30:00.000Z",
      "selectedClass": 3,
      "selectedValue": "A",
      "bloodGroup": "",
      "address": "bhhhhhhhhhhhj",
      "phone": "8566646546",
      "email": ""
    },
    {
      "fName": "xdfgh",
      "mName": "fghjkl",
      "fOcc": "fghjk",
      "mOcc": "ghjkl",
      "income": "8546455444",
      "id": 43
    },
    {
      "id": 44,
      "firstName": "ggyaa",
      "lastName": "vhzCvhj",
      "gender": "female",
      "date": "2020-01-29T18:30:00.000Z",
      "selectedClass": 3,
      "selectedValue": "A",
      "bloodGroup": "",
      "address": "dfghjnkm",
      "phone": "8546546464",
      "email": ""
    },
    {
      "fName": "sdrftyg",
      "mName": "sdfghjk",
      "fOcc": "sdfghjk",
      "mOcc": "sdfghjk",
      "income": "8564465454",
      "id": 45
    },
    {
      "id": 46,
      "firstName": "gf",
      "lastName": "sa",
      "gender": "female",
      "date": "2020-01-29T18:30:00.000Z",
      "selectedClass": 4,
      "selectedValue": "A",
      "bloodGroup": "",
      "address": "sfdsfgh",
      "phone": "8566666666",
      "email": ""
    },
    {
      "fName": "fcguh",
      "mName": "dfgd",
      "fOcc": "fdgfd",
      "mOcc": "gjgf",
      "income": "8645464555",
      "id": 47
    },
    {
      "id": 48,
      "firstName": "gayatrii",
      "lastName": "rs",
      "gender": "female",
      "dateOfBirth": "2020-01-31T18:30:00.000Z",
      "classes": 3,
      "section": "A",
      "bloodGroup": "B+",
      "address": "sdfgg",
      "phoneNumber": "8765464212",
      "email": ""
    },
    {
      "fatherFullName": "dfghjk",
      "motherFullName": "sdfgh",
      "fatherOccupation": "dfghj",
      "motherOccupation": "sdfghj",
      "contactNum": "8564565455",
      "id": 49
    },
    {
      "id": 50,
      "firstName": "gayatrii",
      "lastName": "ss",
      "gender": "female",
      "dateOfBirth": "2020-01-31T18:30:00.000Z",
      "classes": 1,
      "section": "A",
      "bloodGroup": "",
      "address": "dfghjk",
      "phoneNumber": "8564564645",
      "email": ""
    },
    {
      "fatherFullName": "ertyui",
      "motherFullName": "edrftgy",
      "fatherOccupation": "dfgh",
      "motherOccupation": "sdfghj",
      "contactNum": "8645465465",
      "id": 51
    }
  ]
}